id,city,name,lat,lon,date,pm10,pm25,no2,so2,co
11,Czerniawa,Czerniawa,50.912475,15.31219,2026-03-31,11.9,0.0,6.1,0.0,0.0
16,Dzierżoniów,"Dzierżoniów, ul. Piłsudskiego",50.732817,16.64805,2026-03-31,5.7,0.0,0.0,0.0,0.0
38,Kłodzko,"Kłodzko, ul. Szkolna",50.433493,16.65366,2026-03-31,13.0,8.1,11.7,0.0,0.0
52,Legnica,"Legnica, Al. Rzeczypospolitej",51.204503,16.180513,2026-03-31,16.3,10.5,10.4,3.3,0.0
70,Oława,"Oława, ul. Żołnierzy Armii Krajowej",50.942073,17.291333,2026-03-31,11.2,7.8,7.5,0.0,0.0
71,Oleśnica,"Oleśnica, ul. Brzozowa",51.217483,17.389997,2026-03-31,0.0,0.0,0.0,0.0,0.0
74,Osieczów,Osieczów,51.31763,15.431719,2026-03-31,0.0,0.0,0.0,0.0,0.0
77,Polkowice,"Polkowice, ul. Kasztanowa",51.50237,16.075051,2026-03-31,0.0,0.0,0.0,0.0,0.0
93,Szczawno-Zdrój,"Szczawno-Zdrój, ul. Kolejowa",50.804189,16.254111,2026-03-31,0.0,0.0,0.0,0.0,0.0
109,Wałbrzych,"Wałbrzych, ul. Wysockiego",50.768729,16.269677,2026-03-31,11.6,8.0,10.2,6.7,0.0
114,Wrocław,"Wrocław, ul. Bartnicza",51.115933,17.141125,2026-03-31,0.0,0.0,3.3,0.0,0.0
115,Wrocław,"Wrocław, ul. Na Grobli",51.103456,17.059225,2026-03-31,0.0,0.0,0.0,0.0,0.0
117,Wrocław,"Wrocław, wyb. Conrada-Korzeniowskiego",51.129378,17.02925,2026-03-31,0.0,10.0,5.7,6.0,0.17
122,Wrocław,"Wrocław, ul. Orzechowa",51.077525,17.042817,2026-03-31,0.0,0.0,0.0,0.0,0.0
129,Wrocław,"Wrocław, Al. Wiśniowa",51.086225,17.012689,2026-03-31,0.0,11.7,25.9,0.0,0.32
134,Zgorzelec,"Zgorzelec, ul. Bohaterów Getta",51.150391,15.008175,2026-03-31,0.0,0.0,0.0,0.0,0.0
142,Grudziądz,"Grudziądz, ul. Piłsudskiego",53.49355,18.762139,2026-03-31,15.4,0.0,4.8,0.0,0.0
143,Inowrocław,"Inowrocław, ul. Solankowa",52.793122,18.241044,2026-03-31,4.1,0.0,0.0,0.0,0.0
145,Toruń,"Toruń, ul. Wały gen. Sikorskiego",53.012475,18.605681,2026-03-31,9.4,0.0,0.0,0.0,0.0
150,Bydgoszcz,"Bydgoszcz, ul. Fieldorfa",53.151452,18.132062,2026-03-31,0.0,0.0,0.0,0.0,0.0
156,Bydgoszcz,"Bydgoszcz, Pl. Poznański",53.121764,17.987906,2026-03-31,12.2,4.6,29.5,0.0,0.2
158,Bydgoszcz,"Bydgoszcz, ul. Warszawska",53.134083,17.995708,2026-03-31,12.2,8.5,8.0,2.1,0.0
164,Ciechocinek,"Ciechocinek, ul. Tężniowa",52.888422,18.780908,2026-03-31,0.0,0.0,2.7,0.0,0.0
183,Grudziądz,"Grudziądz, ul. Sienkiewicza",53.491831,18.752503,2026-03-31,0.0,0.0,0.0,0.0,0.0
190,Koniczynka,"Koniczynka, Pojezierze Chełmińskie",53.080647,18.684258,2026-03-31,0.0,0.0,5.3,0.0,0.0
206,Toruń,"Toruń, ul. Dziewulskiego",53.028647,18.666103,2026-03-31,4.1,0.0,5.5,3.1,0.0
208,Toruń,"Toruń, ul. Przy Kaszowniku",53.017628,18.612808,2026-03-31,12.4,7.4,3.2,0.0,0.19
225,Włocławek,"Włocławek, ul. Okrzei",52.658467,19.059314,2026-03-31,16.6,7.1,23.3,0.0,0.22
232,Zielonka,"Zielonka, Bory Tucholskie",53.662117,17.934017,2026-03-31,0.0,0.0,0.0,0.0,0.0
236,Biała Podlaska,"Biała Podlaska, ul. Orzechowa",52.029194,23.149389,2026-03-31,24.3,0.0,6.8,0.0,0.0
248,Jarczew,"Jarczew, IMGW",51.814367,21.972375,2026-03-31,0.0,0.0,0.0,0.0,0.0
250,Kraśnik,"Kraśnik, ul. Koszarowa",50.928239,22.228308,2026-03-31,0.0,0.0,0.0,0.0,0.0
258,Lublin,"Lublin, ul. Śliwińskiego",51.273078,22.551675,2026-03-31,0.0,0.0,0.0,0.0,0.0
266,Lublin,"Lublin, ul. Obywatelska",51.259431,22.569133,2026-03-31,18.1,14.1,6.9,5.1,0.12
275,Radzyń Podlaski,"Radzyń Podlaski, ul. Sitkowskiego",51.78,22.625944,2026-03-31,18.3,0.0,0.0,0.0,0.0
282,Wilczopole,Wilczopole,51.163542,22.598608,2026-03-31,0.0,0.0,0.0,0.0,0.0
285,Zamość,"Zamość, ul. Hrubieszowska",50.716628,23.290247,2026-03-31,17.9,15.5,8.3,2.8,0.0
289,Brzeziny,"Brzeziny, ul. Reformacka",51.797806,19.756094,2026-03-31,0.0,0.0,0.0,0.0,0.0
291,Gajew,"Gajew, Ujęcie Wody",52.143258,19.233217,2026-03-31,20.2,0.0,4.9,0.5,0.0
295,Łódź,"Łódź, ul. Czernika",51.75805,19.529786,2026-03-31,9.3,7.8,4.1,0.0,0.0
296,Łódź,"Łódź, ul. Gdańska",51.775378,19.450992,2026-03-31,10.0,0.0,6.6,1.8,0.0
302,Łódź,"Łódź, ul. Legionów",51.776417,19.452936,2026-03-31,0.0,0.0,0.0,0.0,0.0
314,Pabianice,"Pabianice, ul. Konstantynowska",51.667981,19.368683,2026-03-31,12.4,0.0,6.2,0.0,0.0
319,Parzniewice,"Parzniewice, Ujęcie Wody",51.291175,19.517556,2026-03-31,0.0,0.0,3.2,1.9,0.0
322,Piotrków Trybunalski,"Piotrków Trybunalski, ul. Krakowskie Przedmieście",51.404406,19.696956,2026-03-31,8.9,0.0,9.5,0.0,0.22
331,Radomsko,"Radomsko, ul. Rolna",51.067417,19.448714,2026-03-31,21.2,11.5,13.9,5.0,0.0
345,Tomaszów Mazowiecki,Tomaszów Mazowiecki ul. Św. Antoniego,51.526225,20.016858,2026-03-31,0.0,0.0,0.0,0.0,0.0
347,Wieluń,"Wieluń, ul. POW",51.217828,18.581828,2026-03-31,0.0,0.0,0.0,0.0,0.0
350,Zduńska Wola,"Zduńska Wola, ul. Królewska",51.601378,18.940117,2026-03-31,0.0,0.0,0.0,0.0,0.0
355,Zgierz,"Zgierz, ul. Mielczarskiego",51.856692,19.421231,2026-03-31,16.3,11.8,5.5,0.0,0.0
361,Gorzów Wielkopolski,Gorzów Wlkp. ul. Kosynierów Gdyńskich,52.738214,15.228667,2026-03-31,25.6,12.2,9.1,5.9,0.61
362,Gorzów Wielkopolski,Gorzów Wlkp. ul. Piłsudskiego,52.747044,15.246294,2026-03-31,0.0,0.0,0.0,0.0,0.0
374,Smolary Bytnickie,Smolary Bytnickie,52.172222,15.206667,2026-03-31,0.0,0.0,2.7,2.5,0.0
376,Sulęcin,Sulęcin ul. Dudka,52.437722,15.122444,2026-03-31,16.3,8.9,5.5,0.0,0.0
379,Wschowa,Wschowa ul. Kazimierza Wielkiego,51.799722,16.3175,2026-03-31,13.7,9.1,15.5,0.0,0.0
382,Żary,"Żary, ul. Szymanowskiego",51.642656,15.127808,2026-03-31,8.7,5.1,3.4,3.0,1.29
387,Zielona Góra,Zielona Góra ul. Krótka,51.939783,15.518861,2026-03-31,10.9,4.8,6.2,8.9,0.0
391,Bochnia,"Bochnia, ul. Konfederatów Barskich",49.969017,20.439511,2026-03-31,0.0,0.0,0.0,0.0,0.0
398,Gorlice,"Gorlice, ul. Krasińskiego",49.658889,21.163336,2026-03-31,0.0,0.0,0.0,0.0,0.0
400,Kraków,"Kraków, Aleja Krasińskiego",50.057678,19.926189,2026-03-31,14.9,12.1,43.3,0.0,0.36
401,Kraków,"Kraków, ul. Bujaka",50.010575,19.949189,2026-03-31,15.5,0.0,23.2,3.0,0.0
402,Kraków,"Kraków, ul. Bulwarowa",50.069308,20.053492,2026-03-31,13.5,10.6,20.4,2.4,0.0
426,Nowy Sącz,"Nowy Sącz, ul. Nadbrzeżna",49.619281,20.714403,2026-03-31,34.9,26.4,0.0,3.9,0.0
437,Skawina,"Skawina, Os. Ogrody",49.971047,19.830422,2026-03-31,17.2,0.0,20.2,1.2,0.0
443,Szymbark,Szymbark,49.633714,21.116833,2026-03-31,10.2,0.0,6.0,0.7,0.0
444,Tarnów,"Tarnów, ul. Bitwy pod Studziankami",50.020169,21.004167,2026-03-31,23.0,17.5,18.2,5.7,0.0
449,Trzebinia,"Trzebinia, Os. Związku Walki Młodych",50.159406,19.477464,2026-03-31,9.9,0.0,0.0,7.5,0.38
450,Tuchów,"Tuchów, ul. Chopina",49.894169,21.051061,2026-03-31,0.0,0.0,0.0,0.0,0.0
455,Niepołomice,"Niepołomice, ul. 3 Maja",50.035117,20.212689,2026-03-31,9.4,0.0,0.0,0.0,0.0
459,Zakopane,"Zakopane, ul. Sienkiewicza",49.293564,19.960083,2026-03-31,13.5,0.0,18.0,0.0,0.0
460,Belsk Duży,"Belsk Duży, IGF PAN",51.835242,20.791912,2026-03-31,17.5,0.0,5.0,0.3,0.17
466,Granica,"Granica, KPN",52.285858,20.454653,2026-03-31,0.0,0.0,2.5,1.0,0.0
471,Legionowo,"Legionowo, ul. Zegrzyńska",52.407578,20.955928,2026-03-31,11.1,7.2,7.3,1.8,0.0
485,Otwock,"Otwock, ul. Brzozowa",52.115725,21.237297,2026-03-31,20.7,13.6,5.0,0.5,1.4
488,Piastów,"Piastów, ul. Pułaskiego",52.191728,20.837489,2026-03-31,20.9,11.4,17.4,1.4,0.0
497,Płock,"Płock, ul. Królowej Jadwigi",52.556279,19.687672,2026-03-31,0.0,0.0,0.0,19.5,0.0
501,Płock,"Płock, ul. Reja",52.550938,19.709791,2026-03-31,14.4,5.9,8.1,11.7,0.23
510,Radom,"Radom, ul. 25 Czerwca",51.40608,21.166819,2026-03-31,0.0,0.0,0.0,0.0,0.0
512,Radom,"Radom, ul. Hallera",51.415324,21.171285,2026-03-31,0.0,0.0,0.0,0.0,0.0
515,Radom,"Radom, ul. Tochtermana",51.399084,21.147474,2026-03-31,26.0,14.8,11.5,2.5,0.0
517,Siedlce,"Siedlce, ul. Konarskiego",52.172145,22.282001,2026-03-31,37.6,11.4,0.0,0.0,0.0
530,Warszawa,"Warszawa, Al. Niepodległości",52.219298,21.004724,2026-03-31,70.3,16.6,34.6,0.0,0.47
532,Warszawa,"Warszawa, ul. Krzywoń",52.228649,20.917513,2026-03-31,0.0,0.0,0.0,0.0,0.0
538,Warszawa,"Warszawa, ul. Tołstoja",52.285073,20.933018,2026-03-31,5.6,3.5,0.0,0.0,0.0
550,Warszawa,"Warszawa, ul. Wokalna",52.160772,21.033819,2026-03-31,16.1,8.7,8.2,0.0,0.0
552,Warszawa,"Warszawa, ul. Kondratowicza",52.290864,21.042458,2026-03-31,27.5,9.3,9.6,0.0,0.0
562,Żyrardów,"Żyrardów, ul. Roosevelta",52.053811,20.429892,2026-03-31,16.5,6.2,0.0,0.0,0.0
568,Kędzierzyn-Koźle,"Kędzierzyn-Koźle, ul. Śmiałego",50.349608,18.236575,2026-03-31,10.3,7.5,6.0,4.0,0.0
577,Kluczbork,"Kluczbork, ul. Mickiewicza",50.972181,18.207575,2026-03-31,26.7,0.0,0.0,0.0,0.0
584,Olesno,"Olesno, ul. Słowackiego",50.876983,18.416878,2026-03-31,22.5,0.0,8.8,0.0,0.0
590,Opole,"Opole, Os. Armii Krajowej",50.676856,17.950278,2026-03-31,0.0,0.0,6.3,3.1,0.0
600,Zdzieszowice,"Zdzieszowice, ul. Piastów",50.423533,18.120739,2026-03-31,16.9,0.0,3.7,0.0,0.0
609,Białystok,"Białystok, ul. Warszawska",53.129306,23.181744,2026-03-31,25.0,12.0,0.0,0.0,0.0
612,Borsukowizna,"Borsukowizna, Szkółka Leśna",53.215492,23.642153,2026-03-31,6.5,5.4,1.6,0.3,0.0
618,Łomża,"Łomża, ul. Sikorskiego",53.181394,22.054381,2026-03-31,15.4,6.8,3.6,5.5,0.0
631,Jarosław,"Jarosław, ul. Pruchnicka",50.012083,22.674772,2026-03-31,21.2,17.9,0.0,0.0,0.0
638,Jasło,"Jaslo, ul. Sikorskiego",49.744886,21.454617,2026-03-31,22.1,9.6,5.2,0.0,0.0
646,Krosno,"Krosno, ul. Kletówki",49.690169,21.7497,2026-03-31,26.4,23.2,0.0,0.0,0.0
659,Nisko,"Nisko, ul. Szklarniowa",50.529892,22.112467,2026-03-31,16.3,12.9,16.4,0.0,0.28
665,Przemyśl,"Przemyśl, ul. Grunwaldzka",49.784339,22.756239,2026-03-31,20.4,16.5,13.3,4.6,0.0
671,Rzeszów,"Rzeszów, Al. Rejtana",50.024242,22.010575,2026-03-31,19.0,0.0,29.0,0.7,0.0
678,Sanok,"Sanok, ul. Sadowa",49.571731,22.195892,2026-03-31,21.3,0.0,0.0,0.0,0.0
684,Tarnobrzeg,"Tarnobrzeg, ul. Dąbrowskiej",50.575742,21.688367,2026-03-31,22.2,0.0,0.0,0.0,0.0
706,Gdańsk,"Gdańsk, ul. Powstańców Wielkopolskich",54.398639,18.614333,2026-03-31,0.0,0.0,0.0,0.0,0.0
725,Słupsk,"Słupsk, ul. Kniaziewicza",54.463611,17.046722,2026-03-31,17.6,0.0,0.0,0.0,0.0
729,Gdańsk,"Gdańsk, ul. Powstańców Warszawskich",54.353196,18.635267,2026-03-31,13.5,8.0,4.5,2.7,0.38
731,Gdańsk,"Gdańsk, ul. Wyzwolenia",54.400788,18.657332,2026-03-31,11.5,7.0,9.0,3.1,0.23
732,Gdynia,"Gdynia, ul. Porębskiego",54.560836,18.493331,2026-03-31,22.6,11.5,5.3,1.9,0.4
736,Gdańsk,"Gdańsk, ul. Leczkowa",54.380139,18.619766,2026-03-31,15.3,8.4,6.0,2.4,0.3
740,Kościerzyna,"Kościerzyna, ul. Targowa",54.120694,17.975861,2026-03-31,16.7,7.3,0.0,0.0,0.0
741,Malbork,"Malbork, ul. Mickiewicza",54.031247,19.032899,2026-03-31,11.0,0.0,16.3,0.0,0.31
742,Lębork,"Lębork, ul. Malczewskiego",54.546167,17.746194,2026-03-31,0.0,0.0,4.0,0.0,0.0
743,Liniewko Kościerskie,Liniewko Kościerskie,54.104111,18.182972,2026-03-31,0.0,0.0,2.2,1.4,0.0
747,Kwidzyn,"Kwidzyn, ul. Sportowa",53.722361,18.936917,2026-03-31,0.0,0.0,0.0,0.0,0.0
750,Łeba,"Łeba, IMGW",54.754139,17.534528,2026-03-31,0.0,0.0,0.0,0.0,0.0
756,Busko-Zdrój,"Busko-Zdrój, ul. Rokosza",50.453621,20.71564,2026-03-31,0.0,0.0,0.0,0.0,0.0
769,Nowiny,"Nowiny, ul. Parkowa",50.823108,20.533506,2026-03-31,17.5,0.0,5.8,0.0,0.0
777,Ożarów,"Ożarów, Os. Wzgórze",50.887132,21.660726,2026-03-31,0.0,0.0,0.0,0.0,0.0
778,Połaniec,"Połaniec, ul. Ruszczańska",50.429014,21.277367,2026-03-31,18.5,14.4,13.5,2.9,0.0
785,Starachowice,"Starachowice, ul. Złota",51.050611,21.084175,2026-03-31,25.9,17.8,0.0,0.0,0.0
789,Bielsko-Biała,"Bielsko-Biała, ul. Kossak-Szczuckiej",49.813464,19.027318,2026-03-31,14.9,0.0,19.7,4.3,0.0
791,Bielsko-Biała,"Bielsko-Biała, ul. Sternicza",49.806389,19.023194,2026-03-31,0.0,0.0,0.0,0.0,0.0
798,Częstochowa,"Częstochowa, Al. AK/Jana Pawła II",50.817217,19.118997,2026-03-31,14.6,0.0,32.8,0.0,0.33
800,Częstochowa,"Częstochowa, ul. Baczyńskiego",50.836389,19.130111,2026-03-31,18.2,0.0,6.6,2.0,0.0
804,Częstochowa,"Częstochowa, ul. Zana",50.801918,19.106961,2026-03-31,0.0,0.0,0.0,0.0,0.0
805,Dąbrowa Górnicza,"Dąbrowa Górnicza, ul. Tysiąclecia",50.329111,19.231222,2026-03-31,15.5,0.0,4.9,1.7,0.23
809,Gliwice,"Gliwice, ul. Mewy",50.279481,18.655736,2026-03-31,19.5,0.0,0.0,0.0,0.0
810,Godów,"Godów, ul. Gliniki",49.921875,18.471278,2026-03-31,0.0,0.0,0.0,0.0,0.0
814,Katowice,"Katowice, ul. Kossutha",50.264611,18.975028,2026-03-31,15.5,12.4,14.4,3.5,0.0
818,Knurów,"Knurów, ul. Jedności Narodowej",50.233167,18.655722,2026-03-31,0.0,0.0,0.0,0.0,0.0
825,Myszków,"Myszków, ul. Miedziana",50.579733,19.3267,2026-03-31,0.0,0.0,0.0,0.0,0.0
834,Rybnik,"Rybnik, ul. Borki",50.111181,18.516139,2026-03-31,12.0,0.0,10.6,1.7,0.23
837,Sosnowiec,"Sosnowiec, ul. Lubelska",50.285956,19.184399,2026-03-31,21.3,0.0,17.8,0.0,0.0
839,Tarnowskie Góry,"Tarnowskie Góry, ul. Litewska",50.444736,18.829639,2026-03-31,0.0,0.0,0.0,0.0,0.0
841,Tychy,"Tychy, ul. Tołstoja",50.099903,18.990236,2026-03-31,12.5,0.0,0.0,2.4,0.0
842,Ustroń,"Ustroń, ul. Sanatoryjna",49.719731,18.826722,2026-03-31,19.1,0.0,28.9,0.5,0.0
845,Wodzisław Śląski,"Wodzisław Śląski, ul. Gałczyńskiego",50.007629,18.455548,2026-03-31,15.6,12.9,5.9,0.4,0.18
853,Złoty Potok,"Złoty Potok, Leśniczówka",50.710889,19.458797,2026-03-31,8.2,7.3,3.2,4.2,0.0
856,Żywiec,"Żywiec, ul. Kopernika",49.671602,19.234446,2026-03-31,33.4,28.2,41.5,11.1,0.0
861,Elbląg,"Elbląg, ul. Bażyńskiego",54.167847,19.410942,2026-03-31,9.8,4.6,5.1,4.9,0.17
870,Gołdap,"Gołdap, ul. Jaćwieska",54.305908,22.307681,2026-03-31,23.2,0.0,0.0,0.0,0.0
875,Nidzica,"Nidzica, ul.Traugutta",53.361112,20.422046,2026-03-31,0.0,0.0,0.0,0.0,0.0
877,Olsztyn,"Olsztyn, ul. Puszkina",53.789233,20.486075,2026-03-31,0.0,0.0,2.2,0.0,0.15
882,Diabla Góra,"Diabla Góra, Puszcza Borecka",54.124819,22.038056,2026-03-31,0.0,0.0,0.0,0.0,0.0
890,Gniezno,"Gniezno, ul. Paczkowskiego",52.539283,17.612239,2026-03-31,0.0,0.0,0.0,0.0,0.0
902,Konin,"Konin, ul. Wyszyńskiego",52.22565,18.268927,2026-03-31,12.3,7.2,10.1,0.0,0.0
912,Nowy Tomyśl,"Nowy Tomyśl, ul. Sienkiewicza",52.316748,16.142154,2026-03-31,0.0,0.0,0.0,0.0,0.0
920,Piła,"Pila, ul. Kusocińskiego",53.154408,16.759572,2026-03-31,22.9,0.0,5.9,1.3,0.0
931,Poznań,"Poznań, ul. Spychalskiego",52.392866,16.928442,2026-03-31,0.0,0.0,0.0,0.0,0.0
932,Poznań,"Poznań, ul. Szymanowskiego",52.459192,16.9062,2026-03-31,0.0,0.0,0.0,0.0,0.0
942,Wągrowiec,"Wągrowiec, ul. Lipowa",52.815262,17.208381,2026-03-31,0.0,0.0,0.0,0.0,0.0
944,Poznań,"Poznań, ul. Dąbrowskiego",52.420319,16.877289,2026-03-31,14.6,9.5,0.0,0.0,0.0
946,Krzyżówka,"Piaski, Krzyżówka",52.501318,17.773175,2026-03-31,0.0,0.0,5.4,1.5,0.0
950,Borówiec,"Borówiec, ul. Drapałka",52.27672,17.074187,2026-03-31,19.4,0.0,3.4,0.0,0.0
952,Kalisz,"Kalisz, ul. Wyszyńskiego",51.74795,18.049063,2026-03-31,13.7,10.6,5.6,2.8,0.0
961,Widuchowa,Widuchowa,53.122325,14.382245,2026-03-31,0.0,0.0,1.3,2.6,0.0
966,Koszalin,"Koszalin, Al. Armii Krajowej",54.193986,16.172544,2026-03-31,39.4,0.0,41.7,0.0,0.0
967,Koszalin,"Koszalin, ul. Spasowskiego",54.207151,16.193236,2026-03-31,0.0,0.0,0.0,0.0,0.0
973,Myślibórz,"Myślibórz, ul. Za Bramką",52.926283,14.862809,2026-03-31,0.0,0.0,0.0,0.0,0.0
981,Szczecinek,"Szczecinek, ul. 1 Maja",53.712114,16.692517,2026-03-31,0.0,0.0,0.0,0.0,0.0
983,Szczecinek,"Szczecinek, ul. Przemysłowa",53.698902,16.704556,2026-03-31,23.6,0.0,6.3,1.6,0.3
986,Szczecin,"Szczecin, ul. Andrzejewskiego",53.380975,14.663347,2026-03-31,21.8,11.6,6.0,0.0,0.0
987,Szczecin,"Szczecin, ul. Piłsudskiego",53.432169,14.5539,2026-03-31,17.8,10.3,11.2,2.4,0.24
989,Szczecin,"Szczecin, ul. Łączna",53.470889,14.55625,2026-03-31,0.0,0.0,0.0,0.9,0.0
8873,Jelenia Góra,"Jelenia Góra, ul. Sokoliki",50.871214,15.700947,2026-03-31,0.0,0.0,0.0,0.0,0.0
8953,Iława,"Iława, ul.Andersa",53.587873,19.564908,2026-03-31,0.0,0.0,0.0,0.0,0.0
9000,Czerwionka-Leszczyny,"Czerwionka-Leszczyny, ul. Kopalniana",50.16385,18.659977,2026-03-31,0.0,0.0,0.0,0.0,0.0
9114,Ostrołęka,"Ostrołęka, ul. Hallera",53.083736,21.579322,2026-03-31,9.7,4.0,0.0,0.0,0.0
9153,Jelenia Góra,"Jelenia Góra, ul. Ogińskiego",50.913433,15.765608,2026-03-31,11.6,9.2,5.4,5.9,0.14
9173,Dębica,"Dębica, ul.Grottgera",50.054786,21.416256,2026-03-31,16.1,13.1,0.0,0.0,0.0
9175,Krempna,"Krempna, Ośrodek edukacyjno-muzealny MPN",49.511297,21.498606,2026-03-31,0.0,0.0,7.1,1.4,0.0
9177,Głogów,"Głogów, ul. Wita Stwosza",51.657022,16.097822,2026-03-31,0.0,0.0,0.0,0.0,0.0
9179,Szarów,"Szarów, ul. Spokojna",50.0075,20.259167,2026-03-31,0.0,0.0,9.5,0.0,0.0
9203,Brodnica,"Brodnica, ul. Kochanowskiego",53.249264,19.415086,2026-03-31,0.0,0.0,0.0,0.0,0.0
9218,Pleszew,"Pleszew, Al. Mickiewicza",51.884922,17.791106,2026-03-31,11.0,5.6,0.0,0.0,0.0
9236,Skierniewice,"Skierniewice, ul. Konopnickiej",51.954297,20.149461,2026-03-31,0.0,0.0,0.0,0.0,0.0
9791,Włocławek,"Włocławek, ul. Kaliska",52.637394,19.044486,2026-03-31,9.1,0.0,3.9,3.2,0.0
9798,Nakło nad Notecią,"Nakło nad Notecią, ul. Św. Wawrzyńca",53.136681,17.591539,2026-03-31,8.5,5.1,7.4,4.2,0.0
9913,Guty Duże,Guty Duże,52.943172,21.288167,2026-03-31,7.3,4.5,0.4,1.5,0.0
9973,Kielce,"Kielce, ul. Warszawska 210",50.894374,20.657988,2026-03-31,0.0,0.0,0.0,0.0,0.0
10005,Ełk,"Ełk, ul. Piłsudskiego",53.828389,22.348338,2026-03-31,14.9,6.5,4.0,9.3,0.0
10018,Głubczyce,"Głubczyce, ul. Ratuszowa",50.200778,17.83051,2026-03-31,0.0,0.0,0.0,0.0,0.0
10030,Ostróda,"Ostróda, ul. Piłsudskiego",53.694587,19.969041,2026-03-31,17.1,0.0,5.9,0.0,0.22
10058,Łódź,"Łódź, Al. Jana Pawła II",51.754613,19.434925,2026-03-31,20.0,0.0,17.0,0.0,0.34
10059,Uniejów,"Uniejów, ul. Zamkowa",51.971711,18.790289,2026-03-31,0.0,0.0,0.0,0.0,0.0
10060,Bełchatów,"Bełchatów, ul. Edwardów",51.356689,19.365903,2026-03-31,0.0,0.0,0.0,0.0,0.0
10093,Duszniki-Zdrój,"Duszniki-Zdrój, ul. Sportowa",50.402561,16.393311,2026-03-31,10.4,8.5,0.0,0.0,0.0
10115,Mielec,"Mielec, ul. Pogodna",50.318036,21.486372,2026-03-31,0.0,0.0,0.0,0.0,0.0
10119,Kaszów,Kaszów,50.025028,19.726833,2026-03-31,0.0,0.0,7.4,0.0,0.0
10120,Tarnów,"Tarnów, ul. Ks. Romana Sitko",50.018253,20.992578,2026-03-31,16.3,13.1,20.6,0.0,0.45
10122,Iwonicz-Zdrój,"Iwonicz Zdrój, ul. Rąba",49.565183,21.791308,2026-03-31,0.0,0.0,0.0,0.0,0.0
10123,Kraków,"Kraków, ul. Złoty Róg",50.081197,19.895358,2026-03-31,19.2,0.0,0.0,0.0,0.0
10124,Sucha Beskidzka,"Sucha Beskidzka, ul. Nieszczyńskiej",49.743131,19.600339,2026-03-31,31.8,25.1,0.0,0.0,0.0
10125,Rzeszów,"Rzeszów, Al. Piłsudskiego",50.040675,22.004656,2026-03-31,19.1,14.2,39.9,0.0,0.37
10126,Stalowa Wola,"Stalowa Wola, ul. Wojska Polskiego",50.577828,22.054336,2026-03-31,0.0,0.0,0.0,0.0,0.0
10139,Kraków,"Kraków, Os. Piastów",50.098508,20.018269,2026-03-31,19.4,0.0,0.0,0.0,0.0
10140,Sieradz,"Sieradz, ul. Polna",51.592058,18.734811,2026-03-31,0.0,0.0,0.0,0.0,0.0
10141,Świdnica,"Świdnica, ul. Folwarczna",50.84443,16.494006,2026-03-31,0.0,0.0,0.0,0.0,0.0
10148,Poznań,"Poznan, ul. Hetmańska",52.384293,16.918156,2026-03-31,20.4,10.6,30.9,0.0,0.11
10158,Bielsko-Biała,"Bielsko-Biała, ul. Partyzantów",49.802075,19.04861,2026-03-31,0.0,29.9,37.0,0.0,0.43
10374,Opole,"Opole, ul. Koszyka",50.666736,17.899137,2026-03-31,12.7,8.5,0.0,0.0,0.0
10414,Rymanów-Zdrój,"Rymanów Zdrój, ul. Parkowa",49.546539,21.851006,2026-03-31,18.5,15.8,0.0,0.0,0.0
10438,Mielec,"Mielec, ul. Biernackiego",50.299128,21.440942,2026-03-31,18.0,15.3,7.1,0.0,0.0
10446,Rabka-Zdrój,"Rabka-Zdrój, ul. Orkana",49.608647,19.966008,2026-03-31,16.5,0.0,0.0,0.0,0.0
10447,Kraków,"Kraków, Os. Wadów",50.100569,20.122561,2026-03-31,13.0,0.0,0.0,0.0,0.0
10456,Opoczno,"Opoczno, ul. Skłodowskiej-Curie",51.379128,20.282169,2026-03-31,0.0,0.0,0.0,0.0,0.0
10554,Żory,"Żory, Os. Gen. Władysława Sikorskiego",50.029416,18.689527,2026-03-31,0.0,0.0,0.0,0.0,0.0
10694,Włocławek,"Włocławek, ul. Gniazdowskiego",52.651561,19.051886,2026-03-31,0.0,0.0,0.0,0.0,0.0
10794,Małogoszcz,"Małogoszcz, ul. Słoneczna",50.80961,20.266032,2026-03-31,18.9,13.5,9.0,8.3,0.0
10814,Oświęcim,"Oświęcim, ul. J. Bema",50.033083,19.245275,2026-03-31,16.2,0.0,0.0,0.0,0.0
10817,Złockie,"Złockie, szkoła podstawowa",49.374147,20.879581,2026-03-31,2.6,0.0,0.0,0.0,0.0
10834,Koziegłowy,"Koziegłowy, Os. Leśne",52.449295,16.999634,2026-03-31,14.7,0.0,5.9,0.0,0.15
10854,Wieniec-Zdrój,"Wieniec Zdrój, ul. Wieniecka",52.656773,18.987456,2026-03-31,0.0,0.0,0.0,0.0,0.0
10874,Florianka,"Florianka, RPN",50.551894,22.982861,2026-03-31,0.0,0.0,6.5,3.2,0.0
10934,Kołobrzeg,"Kołobrzeg, ul. Żółkiewskiego",54.179381,15.596347,2026-03-31,36.6,19.3,0.0,0.0,0.0
10955,Warszawa,"Warszawa, ul. Chrościckiego",52.207742,20.906073,2026-03-31,20.1,12.8,0.6,0.5,0.0
10956,Warszawa,"Warszawa, ul. Bajkowa",52.188474,21.176233,2026-03-31,17.5,6.4,0.0,0.0,0.0
11154,Suwałki,"Suwałki, ul. Pułaskiego 26",54.115897,22.938464,2026-03-31,15.7,5.3,0.0,0.0,0.0
11174,Białystok,"Białystok, ul. 42 Pułku Piechoty",53.144122,23.216322,2026-03-31,19.3,11.8,3.3,0.0,0.0
11195,Kielce,"Kielce, ul. Targowa",50.878998,20.633692,2026-03-31,22.0,16.1,13.9,6.0,0.22
11234,Legnica,"Legnica, ul. Polarna",51.208104,16.183784,2026-03-31,0.0,0.0,0.0,0.0,0.0
11254,Nowa Ruda,"Nowa Ruda, ul. Jeziorna",50.581492,16.498245,2026-03-31,13.4,7.6,0.0,0.0,0.0
11278,Lubliniec,"Lubliniec, ul. ks. Szymały",50.675693,18.682065,2026-03-31,18.3,0.0,0.0,0.0,0.0
11294,Zielona Góra,"Zielona Góra,ul.Wyszyńskiego",51.936249,15.481077,2026-03-31,16.5,0.0,0.0,0.0,0.0
11301,Olkusz,"Olkusz, ul. Cegielniana",50.284,19.564044,2026-03-31,13.0,0.0,0.0,0.0,0.0
11303,Kraków,"Kraków, Os. Swoszowice",49.991442,19.936792,2026-03-31,15.1,0.0,0.0,0.0,0.0
11336,Koszalin,"Koszalin, ul. Chopina",54.194114,16.211672,2026-03-31,0.0,0.0,8.8,1.6,0.0
11358,Biała,"Biała, ul. Kmicica",52.602534,19.6451,2026-03-31,0.0,0.0,0.0,3.4,0.0
11360,Chełm,"Chełm, ul. Połaniecka",51.122147,23.473075,2026-03-31,17.3,0.0,0.0,0.0,0.0
11362,Nałęczów,"Nałęczów, Al. Małachowskiego",51.284931,22.210242,2026-03-31,0.0,0.0,0.0,0.0,0.0
11434,Zabierzów,"Zabierzów, ul. Wapienna",50.116028,19.800639,2026-03-31,11.2,0.0,0.0,0.0,0.0
11455,Zawiercie,"Zawiercie, ul. K.I.Gałczyńskiego",50.493045,19.439012,2026-03-31,0.0,0.0,0.0,0.0,0.0
11457,Goczałkowice-Zdrój,"Goczałkowice-Zdrój, ul. Parkowa",49.93785,18.975594,2026-03-31,13.5,12.8,18.5,0.0,0.0
11554,Łask,"Łask, ul. Narutowicza",51.589208,19.131433,2026-03-31,27.2,18.0,0.0,0.0,0.0
11576,Bydgoszcz,"Bydgoszcz, ul. Jeździecka",53.175214,18.044164,2026-03-31,0.0,0.0,3.6,0.0,0.0
11754,Gołuchów,"Gołuchów, Ujęcie Wody",50.621482,20.614057,2026-03-31,17.4,0.0,6.8,5.2,0.0
11794,Racibórz,"Racibórz, ul. Wojska Polskiego",50.091142,18.216261,2026-03-31,13.9,10.7,0.0,2.0,0.0
11814,Białystok,"Białystok, Al. Piłsudskiego",53.135286,23.161325,2026-03-31,23.1,12.5,16.3,0.0,0.28
11855,Jastrzębie-Zdrój,"Jastrzębie-Zdrój, Al. J.Piłsudskiego/Harcerska",49.952544,18.607953,2026-03-31,24.3,19.0,14.6,0.0,0.0
11916,Augustów,"Augustów, Uzdrowisko",53.85255,22.984686,2026-03-31,14.0,9.7,2.8,0.0,0.15
11934,Trzebnica,"Trzebnica, ul. 3 Maja",51.304817,17.071367,2026-03-31,7.7,0.0,6.2,0.0,0.0
12050,Nowe Miasto Lubawskie,"Nowe Miasto Lubawskie, ul. Działyńskich",53.426812,19.592335,2026-03-31,0.0,0.0,0.0,0.0,0.0
12096,Lublin,"Lublin, ul. Okopowa",51.245464,22.554994,2026-03-31,19.4,14.4,15.3,0.0,0.0
12098,Krasnobród,"Krasnobród, ul. Sanatoryjna",50.549297,23.197317,2026-03-31,0.0,0.0,0.0,0.0,0.0
12139,Opatów,"Opatów, ul. Partyzantów",50.798077,21.425467,2026-03-31,0.0,0.0,0.0,0.0,0.0
16157,Połczyn-Zdrój,"Połczyn-Zdrój, ul. Solankowa",53.755652,16.089278,2026-03-31,0.0,0.0,0.0,0.0,0.0
16180,Gdańsk,"Gdańsk, Al. Grunwaldzka",54.380682,18.601559,2026-03-31,31.8,15.4,19.8,0.0,0.0
16196,Kielce,"Kielce, ul. Warszawska 108",50.886014,20.642858,2026-03-31,109.4,24.5,15.4,0.0,0.0
16242,Sopot,"Sopot, ul. Bitwy Pod Płowcami",54.43451,18.57884,2026-03-31,16.6,8.9,6.9,3.5,0.26
16271,Konstancin-Jeziorna,"Konstancin-Jeziorna, ul. Żeromskiego",52.082277,21.124598,2026-03-31,20.6,10.2,0.0,0.0,0.0
16397,Wejherowo,"Wejherowo, ul. Dworcowa",54.604528,18.227761,2026-03-31,0.0,0.0,0.0,0.0,0.0
16406,Cieszyn,"Cieszyn, ul. Chopina",49.755989,18.634075,2026-03-31,15.2,0.0,0.0,0.0,0.0
16413,Brzeg,"Brzeg, ul. Poprzeczna",50.849509,17.462579,2026-03-31,10.2,7.6,0.0,0.0,0.0
16493,Poznań,Poznań ul. Szwajcarska,52.390879,16.998053,2026-03-31,15.8,11.7,5.8,2.2,0.0
16495,Mosina,"Mosina, ul. Czereśniowa",52.241497,16.865125,2026-03-31,17.9,0.0,0.0,0.0,0.0
16497,Kielce,"Kielce, ul. Jurajska",50.887606,20.579965,2026-03-31,12.8,0.0,0.0,0.0,0.0
16533,Warszawa,"Warszawa, IMGW",52.281304,20.963383,2026-03-31,0.0,0.0,0.0,0.0,0.0
16613,Nowa Sól,Nowa Sól,51.809103,15.708042,2026-03-31,11.3,5.9,0.0,0.0,0.0
16753,Myślenice,Myślenice,49.831237,19.923591,2026-03-31,16.0,0.0,0.0,0.0,0.0
16894,Nowy Targ,"Nowy Targ, Al. Tysiąclecia",49.476675,20.034878,2026-03-31,7.5,0.0,0.0,5.3,0.0
16896,Kraków,"Kraków, ul. Kamieńskiego",50.024605,19.97846,2026-03-31,21.8,0.0,25.8,0.0,0.0
16913,Krapkowice,"Krapkowice, ul. 3 Maja",50.486194,17.97477,2026-03-31,21.7,0.0,0.0,0.0,0.0
17058,Pszczyna,"Pszczyna, ul. Batorego",49.975772,18.947686,2026-03-31,0.0,0.0,0.0,0.0,0.0
17118,Uście Gorlickie Wysowa,"Wysowa-Zdrój, Park Zdrojowy",49.440175,21.178087,2026-03-31,5.8,0.0,0.0,0.0,0.0
17179,Rzeszów,"Rzeszów, ul. Starzyńskiego",50.060381,21.980511,2026-03-31,17.8,15.0,0.0,0.0,0.0
17318,Katowice,"Katowice, ul. Dudy-Gracza",50.258483,19.036217,2026-03-31,16.7,13.0,25.5,0.0,0.29
17658,Białystok,"Białystok, ul. Upalna",53.129601,23.108054,2026-03-31,23.2,11.4,0.0,0.0,0.0
17659,Kępno,Kępno ul. Sportowa,51.282994,17.986739,2026-03-31,0.0,0.0,0.0,0.0,0.0
17698,Leszno,"Leszno, ul. Bolesława Prusa",51.833683,16.592122,2026-03-31,0.0,0.0,0.0,0.0,0.0
17880,Zabrze,"Zabrze, ul. M. Skłodowskiej-Curie",50.317072,18.771258,2026-03-31,12.2,0.0,6.4,2.5,0.17
20140,Wysokie Mazowieckie,"Wysokie Mazowieckie, ul. 1 Maja",52.913878,22.509275,2026-03-31,17.4,10.3,0.0,0.0,0.0
20201,Rzeszów,"Rzeszów, ul. Kwiatkowskiego",49.998408,21.992183,2026-03-31,28.0,21.2,0.0,0.0,0.0
20202,Krasne,Krasne,50.043935,22.090741,2026-03-31,14.8,11.8,0.0,0.0,0.0
20209,Ciechanów,"Ciechanów, ul. Kraszewskiego",52.885541,20.602511,2026-03-31,8.7,4.7,0.0,0.0,0.0
20277,Tomaszów Lubelski,"Tomaszów Lubelski, ul. Janusza Petera",50.444128,23.421553,2026-03-31,16.1,14.2,0.0,0.0,0.0
20307,Krotoszyn,"Krotoszyn, ul. Olimpijska",51.697308,17.441263,2026-03-31,16.6,11.9,0.0,0.0,0.0
20347,Gdańsk,"Gdańsk, ul. Lawendowe Wzgórze",54.328833,18.568819,2026-03-31,15.9,8.2,8.9,2.6,0.36
20367,Kraków,"Kraków, ul. Półłanki",50.034702,20.044386,2026-03-31,0.0,0.0,0.0,0.0,0.0
20387,Nysa,"Nysa, ul. Rodziewiczówny 1",50.460992,17.331499,2026-03-31,15.3,0.0,0.0,0.0,0.0
20468,Lubań,"Lubań, ul. Ludowa",51.120091,15.298189,2026-03-31,15.9,14.0,0.0,0.0,0.0
20487,Warszawa,"Warszawa, ul. Grochowska",52.245704,21.080427,2026-03-31,37.8,11.9,27.1,0.0,0.0
20488,Warszawa,"Warszawa, Al. Solidarności",52.243573,20.999214,2026-03-31,19.2,10.6,10.8,0.0,0.0
20548,Szlichtyngowa,"Szlichtyngowa, ul. Przemysłowa",51.710278,16.239722,2026-03-31,8.4,6.6,0.0,0.0,0.0
20567,Ostrowiec Świętokrzyski,"Ostrowiec Świętokrzyski, ul. Polna",50.945335,21.382405,2026-03-31,21.0,15.1,0.0,0.0,0.0
20568,Solec Zdrój,"Solec-Zdrój, ul. Leśna",50.36608,20.884767,2026-03-31,16.0,12.2,0.0,0.0,0.0
20590,Kobierzyce,ul. Sportowa 15,50.974886,16.929652,2026-03-31,11.9,0.0,5.0,0.0,0.0
20591,Solec Kujawski,"Solec Kujawski, ul. Tartaczna 10",53.079306,18.248444,2026-03-31,8.4,6.2,0.8,0.0,0.0
20607,Tczew,"Tczew, ul. Czyżykowska",54.081937,18.804446,2026-03-31,22.8,5.5,0.0,0.0,0.0
20647,Braniewo,"Braniewo, ul. PCK",54.383907,19.815018,2026-03-31,20.9,10.1,0.0,0.0,0.0
